Version	Polymer Object
1.0.0	Grip
1.0.0	Running Shoes
1.0.0	Scuba Fins
1.0.0	Scuba Mask
1.0.0	Gasket
1.0.0	Life Preserver
1.0.0	Fibers
1.0.0	Tether
1.0.0	Cord
1.0.0	Hose
1.0.0	Pipe Segment
1.0.0	Flashlight Shaft
1.0.3	Heated Knife Handle
1.1.0	Rubber Sole
1.1.0	Battery Case
1.1.0	Plastic Brick (1 x 1)
1.1.0	Plastic Brick (1 x 2)
1.1.0	Plastic Brick (1 x 3)
1.1.0	Plastic Brick (1 x 4)
1.1.0	Plastic Brick (2 x 2)
1.1.0	Plastic Brick (2 x 3)
1.1.0	Plastic Brick (2 x 4)
1.1.0	Plastic Brick (3 x 3)
1.1.0	Plastic Brick (3 x 4)
1.1.0	Plastic Brick (4 x 4)
1.1.0	Plastic Brick (1 x 8)
1.1.0	Plastic Brick (2 x 8)
1.1.0	Tool Shaft
1.1.1	Lighter Body
1.3.2	Cell Phone Case
1.3.2	Walky Talky Case
1.3.2	HAM Radio Case
	
	
